,City,Lat,Lng,Max Temp,Humidity,Cloudiness,Wind Speed,Country,Date
0,albany,42.6,-73.97,87.01,35,15,4.41,US,1596225799
1,verkh-usugli,52.7,115.17,59.32,98,100,1.12,RU,1596225857
2,chokurdakh,70.63,147.92,46.89,73,100,2.98,RU,1596225857
3,port elizabeth,-33.92,25.57,51.01,88,0,5.41,ZA,1596225758
4,kapaa,22.08,-159.32,81.0,74,90,17.22,US,1596225857
5,ushuaia,-54.8,-68.3,33.8,86,40,14.99,AR,1596225661
6,rikitea,-23.12,-134.97,73.92,85,99,10.51,PF,1596225771
7,kaitangata,-46.28,169.85,51.01,84,100,1.99,NZ,1596225793
8,punta arenas,-53.15,-70.92,37.4,86,75,16.11,CL,1596225858
9,huntsville,34.73,-86.59,86.0,83,75,11.41,US,1596225612
10,yokadouma,3.52,15.05,71.71,88,23,1.16,CM,1596225859
11,atuona,-9.8,-139.03,79.48,66,81,19.17,PF,1596225859
12,pontes e lacerda,-15.23,-59.34,93.97,22,4,5.03,BR,1596225860
13,avera,33.19,-82.53,98.6,42,40,11.41,US,1596225860
14,bluff,-46.6,168.33,50.49,89,100,6.04,NZ,1596225776
15,chute-aux-outardes,49.12,-68.4,62.6,93,90,6.93,CA,1596225860
16,dhanwar,24.42,85.98,83.1,79,100,0.6,IN,1596225861
17,beauceville,46.22,-70.78,79.0,63,4,6.82,CA,1596225861
18,busselton,-33.65,115.33,46.99,85,59,3.4,AU,1596225842
19,chuy,-33.7,-53.46,55.45,86,100,3.27,UY,1596225862
20,cockburn town,21.46,-71.14,82.89,83,99,29.37,TC,1596225761
21,kabinda,-6.13,24.48,76.39,35,62,3.87,CD,1596225863
22,tuktoyaktuk,69.45,-133.04,62.6,77,40,17.22,CA,1596225864
23,los llanos de aridane,28.66,-17.92,73.4,73,75,11.41,ES,1596225864
24,klaksvik,62.23,-6.59,57.2,100,100,17.22,FO,1596225812
25,japura,-0.32,102.35,73.78,95,52,0.67,ID,1596225865
26,jamestown,42.1,-79.24,80.01,47,20,6.93,US,1596225865
27,georgetown,5.41,100.34,78.8,88,20,5.82,MY,1596225675
28,yellowknife,62.46,-114.35,73.0,52,75,11.41,CA,1596225640
29,nikolskoye,59.7,30.79,59.0,67,80,11.18,RU,1596225866
30,olden,61.84,6.81,68.0,68,100,5.82,NO,1596225866
31,ostrovnoy,68.05,39.51,50.22,92,49,8.93,RU,1596225866
32,cape town,-33.93,18.42,57.0,93,0,6.93,ZA,1596225794
33,mataura,-46.19,168.86,47.37,91,100,3.51,NZ,1596225867
34,hobart,-42.88,147.33,48.99,81,100,6.93,AU,1596225595
35,puerto ayora,-0.74,-90.35,77.0,65,75,8.05,EC,1596225779
36,alice springs,-23.7,133.88,35.6,40,0,4.7,AU,1596225743
37,baykit,61.67,96.37,60.21,86,79,1.63,RU,1596225868
38,pizarro,4.95,-77.37,83.82,75,84,8.21,CO,1596225868
39,nadym,65.53,72.52,55.31,60,95,9.42,RU,1596225869
40,vila franca do campo,37.72,-25.43,73.4,64,40,10.29,PT,1596225869
41,leningradskiy,69.38,178.42,37.51,86,100,8.68,RU,1596225869
42,ndele,8.41,20.65,71.8,93,55,1.21,CF,1596225869
43,sakata,38.92,139.85,71.55,86,10,6.11,JP,1596225869
44,kibala,9.11,18.35,75.11,88,100,1.63,TD,1596225871
45,lucea,18.45,-78.17,87.8,66,20,9.17,JM,1596225871
46,bredasdorp,-34.53,20.04,46.4,93,0,3.36,ZA,1596225871
47,bethel,41.37,-73.41,82.0,57,1,4.7,US,1596225776
48,pevek,69.7,170.31,35.64,96,98,5.03,RU,1596225872
49,kampot,10.62,104.18,78.8,88,40,6.93,KH,1596225872
50,carnarvon,-24.87,113.63,62.6,77,0,13.87,AU,1596225607
51,arraial do cabo,-22.97,-42.03,69.8,77,75,11.41,BR,1596225872
52,tiksi,71.69,128.87,39.76,86,26,2.95,RU,1596225873
53,saldanha,-33.01,17.94,55.4,87,0,9.17,ZA,1596225873
54,chiltepec,18.48,-96.9,83.21,64,50,5.14,MX,1596225873
55,grand-santi,4.25,-54.38,80.67,73,100,2.57,GF,1596225874
56,severo-kurilsk,50.68,156.12,52.36,83,21,16.6,RU,1596225874
57,fortuna,40.6,-124.16,66.0,83,14,1.99,US,1596225874
58,guozhen,34.37,107.36,75.99,72,100,2.48,CN,1596225875
59,kulhudhuffushi,6.62,73.07,82.98,81,100,18.03,MV,1596225821
60,afrikanda,67.44,32.78,51.96,81,81,11.1,RU,1596225875
61,hilo,19.73,-155.09,82.4,58,75,9.17,US,1596225610
62,narsaq,60.92,-46.05,55.4,58,75,6.93,GL,1596225801
63,kheri,27.9,80.8,82.31,82,12,6.22,IN,1596225876
64,sakakah,29.97,40.21,98.6,9,0,14.99,SA,1596225876
65,puerto escondido,15.85,-97.07,89.6,59,40,9.17,MX,1596225703
66,san policarpo,12.18,125.51,77.05,88,100,4.97,PH,1596225815
67,mar del plata,-38.0,-57.56,62.6,42,0,4.7,AR,1596225877
68,korla,41.76,86.15,82.99,46,0,3.0,CN,1596225756
69,paris,48.85,2.35,87.8,45,34,5.82,FR,1596225783
70,champerico,14.3,-91.92,93.2,56,20,6.93,GT,1596225878
71,cidreira,-30.18,-50.21,60.3,83,15,12.41,BR,1596225739
72,ixtapa,20.7,-105.2,90.0,66,40,8.05,MX,1596225686
73,malakal,9.53,31.66,73.15,89,94,3.8,SS,1596225878
74,millinocket,45.66,-68.71,78.8,54,90,6.93,US,1596225879
75,thompson,55.74,-97.86,68.0,68,75,12.75,CA,1596225632
76,safaga,26.73,33.94,98.6,9,0,6.93,EG,1596225615
77,port alfred,-33.59,26.89,58.08,73,0,4.45,ZA,1596225879
78,mount gambier,-37.83,140.77,46.4,81,3,13.87,AU,1596225880
79,karratha,-20.74,116.85,67.75,30,0,8.03,AU,1596225779
80,saint-philippe,-21.36,55.77,69.8,64,0,2.24,RE,1596225881
81,kloulklubed,7.04,134.26,83.39,77,98,9.31,PW,1596225881
82,barra da estiva,-13.63,-41.33,65.21,77,80,7.76,BR,1596225881
83,te anau,-45.42,167.72,46.71,88,100,1.39,NZ,1596225881
84,labuhan,-6.88,112.21,74.75,81,65,9.53,ID,1596225882
85,hermanus,-34.42,19.23,50.0,93,0,1.25,ZA,1596225882
86,marzuq,14.4,46.47,80.49,62,100,5.66,YE,1596225882
87,codrington,-38.27,141.97,48.56,70,53,15.73,AU,1596225882
88,gat,31.61,34.76,81.0,58,0,1.23,IL,1596225781
89,turan,16.07,108.22,80.6,83,75,3.36,VN,1596225858
90,bengkulu,-3.8,102.27,73.9,88,34,5.97,ID,1596225777
91,ust-omchug,61.15,149.63,45.54,68,85,6.08,RU,1596225883
92,ribeira grande,38.52,-28.7,75.2,57,20,9.17,PT,1596225884
93,dubbo,-32.25,148.62,39.2,100,0,10.29,AU,1596225884
94,tuatapere,-46.13,167.68,49.05,90,100,1.28,NZ,1596225884
95,west wendover,40.74,-114.07,93.2,16,1,10.29,US,1596225884
96,fukue,32.69,128.84,81.03,80,100,4.09,JP,1596225885
97,avarua,-21.21,-159.78,69.8,68,11,3.36,CK,1596225774
98,port lincoln,-34.73,135.87,55.67,46,15,15.5,AU,1596225885
99,ancud,-41.87,-73.82,51.01,87,90,13.87,CL,1596225885
100,alofi,-19.06,-169.92,66.2,93,24,3.36,NU,1596225665
101,lorengau,-2.02,147.27,82.47,78,54,8.21,PG,1596225886
102,esperance,-33.87,121.9,51.8,100,90,8.05,AU,1596225643
103,kaoma,-14.78,24.8,61.47,35,0,8.95,ZM,1596225886
104,butaritari,3.07,172.79,82.8,73,83,7.31,KI,1596225887
105,macae,-22.37,-41.79,68.0,88,90,2.24,BR,1596225887
106,cabedelo,-6.98,-34.83,78.8,78,75,14.99,BR,1596225888
107,riyadh,24.69,46.72,98.6,23,48,2.24,SA,1596225617
108,dikson,73.51,80.55,56.35,67,98,12.48,RU,1596225889
109,new norfolk,-42.78,147.06,48.99,70,100,1.99,AU,1596225769
110,yerbogachen,61.28,108.01,57.65,81,100,6.64,RU,1596225890
111,urumqi,43.8,87.6,73.4,43,69,2.24,CN,1596225890
112,sao filipe,14.9,-24.5,75.87,76,37,10.02,CV,1596225891
113,chumikan,54.72,135.31,52.59,95,100,21.3,RU,1596225891
114,broome,42.25,-75.83,82.99,39,40,9.17,US,1596225891
115,quatre cocos,-20.21,57.76,71.6,78,75,5.82,MU,1596225891
116,moron,-34.65,-58.62,62.6,48,9,4.7,AR,1596225892
117,sulangan,11.14,123.72,81.37,79,100,9.19,PH,1596225892
118,kodiak,57.79,-152.41,57.2,87,90,10.29,US,1596225892
119,manadhoo,5.77,73.38,82.69,80,100,17.81,MV,1596225892
120,paamiut,61.99,-49.67,44.19,94,100,8.97,GL,1596225893
121,atasu,48.68,71.64,70.03,41,0,5.19,KZ,1596225893
122,hami,42.8,93.45,74.86,20,1,9.6,CN,1596225819
123,mnogovershinnyy,53.94,139.92,52.81,77,100,5.41,RU,1596225894
124,kulunda,52.57,78.94,59.32,92,9,6.51,RU,1596225894
125,san cristobal,7.77,-72.22,95.0,36,40,23.04,VE,1596225894
126,mandalgovi,45.76,106.27,58.8,54,3,16.93,MN,1596225895
127,wlodawa,51.55,23.55,62.01,65,20,5.06,PL,1596225895
128,nanortalik,60.14,-45.24,45.28,76,100,10.33,GL,1596225895
129,comodoro rivadavia,-45.87,-67.5,55.4,58,92,4.7,AR,1596225682
130,sao joao da barra,-21.64,-41.05,71.6,64,40,9.17,BR,1596225896
131,victoria,22.29,114.16,82.0,90,100,15.99,HK,1596225602
132,puerto berrio,6.49,-74.4,95.63,42,75,1.41,CO,1596225896
133,sheridan,44.83,-106.92,93.2,18,1,8.05,US,1596225896
134,udachnyy,66.42,112.4,55.4,66,0,6.71,RU,1596225732
135,celestun,20.87,-90.4,87.17,67,59,13.78,MX,1596225827
136,dunedin,-45.87,170.5,48.99,90,100,5.01,NZ,1596225897
137,tual,-5.67,132.75,77.2,81,20,21.72,ID,1596225898
138,padang,-0.95,100.35,76.5,77,53,3.53,ID,1596225898
139,poros,37.5,23.45,88.0,45,0,3.36,GR,1596225898
140,kijang,35.24,129.21,77.0,88,75,3.36,KR,1596225898
141,voh,-20.97,164.7,67.64,84,73,11.56,NC,1596225898
142,faanui,-16.48,-151.75,78.84,82,0,12.84,PF,1596225899
143,huarmey,-10.07,-78.15,66.43,67,32,7.4,PE,1596225899
144,montrose,38.42,-108.27,90.0,15,6,5.01,US,1596225899
145,hasaki,35.73,140.83,72.0,100,75,10.29,JP,1596225900
146,dolgorukovo,52.32,38.35,58.44,85,64,6.44,RU,1596225900
147,gornopravdinsk,60.05,69.9,57.6,97,95,5.26,RU,1596225900
148,tabat,-2.63,115.23,75.06,88,100,0.96,ID,1596225900
149,stephenville,32.22,-98.2,90.0,45,1,6.93,US,1596225901
150,pancas,-19.23,-40.85,66.29,87,100,6.04,BR,1596225901
151,ariquemes,-9.91,-63.04,95.74,23,40,3.2,BR,1596225901
152,yoichi,43.2,140.77,64.99,95,1,2.95,JP,1596225902
153,college,64.86,-147.8,71.01,63,75,4.7,US,1596225902
154,luderitz,-26.65,15.16,75.2,22,0,6.93,NA,1596225903
155,roebourne,-20.78,117.13,67.77,30,0,7.81,AU,1596225903
156,vanavara,60.34,102.28,59.29,92,91,5.26,RU,1596225665
157,nehe,48.48,124.83,67.05,82,67,9.51,CN,1596225904
158,ostersund,63.18,14.64,64.4,68,0,3.36,SE,1596225904
159,barrow,71.29,-156.79,39.2,80,40,5.82,US,1596225768
160,lichinga,-13.31,35.24,55.4,71,0,13.87,MZ,1596225817
161,ilulissat,69.22,-51.1,50.0,66,75,14.99,GL,1596225905
162,garowe,8.41,48.48,82.62,48,1,26.15,SO,1596225905
163,torbay,47.67,-52.73,66.0,100,75,4.7,CA,1596225906
164,anadyr,64.75,177.48,53.6,87,65,4.47,RU,1596225906
165,dingle,11.0,122.67,75.78,91,100,5.06,PH,1596225906
166,sioux lookout,50.1,-91.92,80.6,39,40,8.05,CA,1596225660
167,zimovniki,47.15,42.46,71.87,75,44,4.92,RU,1596225907
168,benghazi,32.12,20.07,79.86,80,0,13.85,LY,1596225907
169,provideniya,64.38,-173.3,47.84,70,0,5.53,RU,1596225907
170,pokaran,26.92,71.92,87.75,60,60,13.02,IN,1596225907
171,gritsovskiy,54.14,38.16,55.74,87,100,4.23,RU,1596225908
172,okha,53.57,142.95,53.8,74,96,7.27,RU,1596225908
173,mananjary,-21.22,48.33,66.33,81,45,6.29,MG,1596225908
174,westport,41.14,-73.36,82.0,65,1,6.93,US,1596225665
175,mayo,38.89,-76.51,75.99,83,92,4.21,US,1596225795
176,mazagao,-0.12,-51.29,93.2,56,75,4.7,BR,1596225909
177,anju,39.62,125.66,71.17,93,85,2.75,KP,1596225909
178,sharhorod,48.74,28.09,57.99,88,0,7.02,UA,1596225910
179,ust-kulom,61.69,53.69,50.45,96,14,1.45,RU,1596225910
180,porto novo,6.5,2.6,78.8,83,40,10.29,BJ,1596225787
181,portland,45.52,-122.68,84.99,34,20,5.82,US,1596225786
182,pisco,-13.7,-76.22,62.6,77,40,8.05,PE,1596225680
183,fairbanks,64.84,-147.72,71.01,59,75,2.21,US,1596225611
184,yar-sale,66.83,70.83,52.39,69,21,4.52,RU,1596225911
185,sitka,57.05,-135.33,69.8,60,75,4.7,US,1596225807
186,tomatlan,19.93,-105.25,92.41,48,42,9.33,MX,1596225912
187,talara,-4.58,-81.27,71.6,68,1,16.11,PE,1596225912
188,cap malheureux,-19.98,57.61,69.01,82,20,4.0,MU,1596225667
189,cayenne,4.93,-52.33,86.0,74,98,9.17,GF,1596225844
190,khatanga,71.97,102.5,60.28,57,75,10.78,RU,1596225913
191,providencia,28.72,-111.58,100.0,52,0,15.99,MX,1596225913
192,tiznit,29.58,-9.5,78.3,57,71,1.95,MA,1596225913
193,aksha,50.28,113.29,57.9,86,0,0.29,RU,1596225913
194,novichikha,52.2,81.39,59.27,71,12,6.26,RU,1596225914
195,castro,-24.79,-50.01,58.86,78,40,6.87,BR,1596225914
196,bathsheba,13.22,-59.52,86.0,70,20,13.87,BB,1596225805
197,cherskiy,68.75,161.3,41.92,82,100,8.37,RU,1596225915
198,deputatskiy,69.3,139.9,45.07,87,46,2.42,RU,1596225915
199,chimbarongo,-34.7,-71.05,55.99,62,100,2.24,CL,1596225876
200,half moon bay,37.46,-122.43,72.0,72,20,12.75,US,1596225915
201,lebu,-37.62,-73.65,53.73,67,100,14.18,CL,1596225916
202,rivadavia,-33.19,-68.46,62.6,21,1,5.82,AR,1596225916
203,kaeo,-35.1,173.78,55.0,3,100,11.01,NZ,1596225916
204,morondava,-20.28,44.28,75.6,38,0,16.71,MG,1596225916
205,rocha,-34.48,-54.33,56.43,80,100,4.45,UY,1596225917
206,jacareacanga,-6.22,-57.75,98.94,19,10,1.68,BR,1596225917
207,inhambane,-23.86,35.38,62.6,88,14,3.36,MZ,1596225917
208,praya,14.92,-23.51,78.8,74,75,10.29,CV,1596225842
209,galesong,-5.32,119.37,71.6,88,50,1.12,ID,1596225918
210,belyy yar,53.6,91.39,57.2,87,100,2.24,RU,1596225918
211,vaini,-21.2,-175.2,68.0,82,40,10.29,TO,1596225918
212,fethiye,36.62,29.12,78.8,88,0,1.12,TR,1596225919
213,pangkalanbuun,-2.68,111.62,73.13,97,96,1.88,ID,1596225919
214,seoul,37.57,126.98,77.0,94,90,2.91,KR,1596225919
215,almeirim,-1.52,-52.58,93.07,38,29,5.88,BR,1596225919
216,davila,18.47,120.58,81.39,77,100,1.54,PH,1596225920
217,fare,-16.7,-151.02,79.11,82,29,14.81,PF,1596225920
218,liku,-0.73,119.89,74.71,85,83,1.43,ID,1596225920
219,camacha,33.08,-16.33,71.6,73,20,13.87,PT,1596225920
220,fillan,63.61,8.97,62.01,82,100,5.82,NO,1596225921
221,mahebourg,-20.41,57.7,71.6,78,75,5.82,MU,1596225921
222,norman wells,65.28,-126.83,75.2,57,40,8.05,CA,1596225766
223,visnes,59.36,5.22,62.01,77,74,6.93,NO,1596225922
224,east london,-33.02,27.91,61.74,63,0,3.09,ZA,1596225923
225,yankton,42.87,-97.4,84.0,53,75,3.96,US,1596225923
226,ponta do sol,32.67,-17.1,68.0,69,0,0.31,PT,1596225777
227,vao,-22.67,167.48,69.22,81,47,23.17,NC,1596225924
228,sur,22.57,59.53,85.05,73,58,17.92,OM,1596225924
229,hokitika,-42.72,170.97,52.54,76,100,4.16,NZ,1596225924
230,stokmarknes,68.56,14.91,59.0,93,75,10.29,NO,1596225924
231,mildura,-34.2,142.15,39.2,80,73,6.93,AU,1596225925
232,inta,66.03,60.17,58.12,66,100,18.84,RU,1596225925
233,scicli,36.79,14.7,84.0,61,0,2.24,IT,1596225925
234,merauke,-8.47,140.33,74.05,74,14,17.6,ID,1596225663
235,putyatino,54.16,41.12,56.79,86,100,2.57,RU,1596225925
236,vardo,70.37,31.11,48.2,87,75,19.46,NO,1596225926
237,poum,-20.23,164.02,70.79,84,17,28.5,NC,1596225926
238,upernavik,72.79,-56.15,45.86,61,69,12.33,GL,1596225794
239,olga,43.74,135.29,67.05,93,100,3.83,RU,1596225926
240,koumac,-20.57,164.28,68.67,84,40,19.55,NC,1596225927
241,wuwei,37.93,102.64,70.23,39,90,3.4,CN,1596225927
242,yulara,-25.24,130.99,44.6,33,0,8.05,AU,1596225927
243,doha,25.29,51.53,97.0,71,0,4.7,QA,1596225805
244,kenora,49.82,-94.43,80.6,44,75,8.05,CA,1596225928
245,inyonga,-6.72,32.07,71.08,45,33,8.48,TZ,1596225928
246,nishihara,26.18,127.76,82.4,83,20,2.24,JP,1596225928
247,chino valley,34.76,-112.45,102.99,7,1,5.82,US,1596225928
248,lima,-12.04,-77.03,62.6,72,90,9.17,PE,1596225929
249,lubartow,51.46,22.61,62.6,77,48,3.36,PL,1596225929
250,marsh harbour,26.54,-77.06,85.1,67,0,21.39,BS,1596225914
251,qui nhon,13.77,109.23,78.3,84,100,8.1,VN,1596225931
252,saint-francois,46.42,3.91,75.2,73,100,12.75,FR,1596225931
253,dongsheng,39.82,109.98,73.89,61,82,12.12,CN,1596225931
254,singaraja,-8.11,115.09,75.58,70,92,7.25,ID,1596225824
255,storsteinnes,69.24,19.23,62.01,82,40,17.22,NO,1596225932
256,caconda,-13.73,15.07,55.99,39,0,4.05,AO,1596225932
257,vila velha,-20.33,-40.29,75.0,73,90,12.75,BR,1596225933
258,qaanaaq,77.48,-69.36,41.83,64,0,2.39,GL,1596225933
259,garissa,-0.45,39.64,76.96,59,0,21.77,KE,1596225933
260,pingliang,35.54,106.69,70.18,71,100,1.68,CN,1596225933
261,souillac,-20.52,57.52,71.6,78,75,5.82,MU,1596225934
262,khawhai,23.37,93.12,63.1,100,100,0.67,IN,1596225934
263,issum,51.53,6.43,84.2,39,0,4.7,DE,1596225934
264,gilbues,-9.83,-45.34,87.21,24,60,8.08,BR,1596225935
265,missoula,47.02,-113.8,96.8,20,1,8.05,US,1596225935
266,ulaangom,49.98,92.07,54.25,64,100,2.82,MN,1596225935
267,kutum,14.2,24.67,78.19,61,0,11.86,SD,1596225794
268,changli,39.7,119.15,73.54,89,2,1.43,CN,1596225936
269,nouakchott,18.09,-15.98,86.0,70,40,10.29,MR,1596225804
270,mangrol,21.12,70.12,84.04,81,100,7.9,IN,1596225936
271,hamilton,39.18,-84.53,82.4,61,75,5.82,US,1596225852
272,waddan,29.16,16.14,85.35,25,0,18.21,LY,1596225937
273,karangasem,-8.45,115.62,75.2,100,75,4.7,ID,1596225937
274,durban,-29.86,31.03,59.0,87,2,3.36,ZA,1596225937
275,vostok,46.49,135.88,60.35,100,100,4.41,RU,1596225938
276,coquimbo,-29.95,-71.34,66.2,52,0,10.29,CL,1596225731
277,lisakovsk,52.54,62.49,68.43,66,22,1.34,KZ,1596225938
278,concord,37.98,-122.03,84.99,39,1,12.75,US,1596225939
279,brae,60.4,-1.35,60.8,77,65,20.8,GB,1596225939
280,yhu,-25.05,-55.92,73.62,67,86,3.56,PY,1596225939
281,kelo,9.31,15.81,76.15,81,9,2.42,TD,1596225940
282,robertsport,6.75,-11.37,77.0,87,14,13.04,LR,1596225940
283,beloha,-25.17,45.05,64.02,75,83,9.35,MG,1596225940
284,ribnitz-damgarten,54.25,12.47,62.6,72,20,3.36,DE,1596225941
285,longyearbyen,78.22,15.64,50.0,87,0,4.7,SJ,1596225941
286,mamontovo,52.71,81.62,57.29,68,2,5.12,RU,1596225941
287,shihezi,44.3,86.03,73.62,31,46,5.06,CN,1596225942
288,dali,25.7,100.18,63.97,82,98,1.72,CN,1596225785
289,srednekolymsk,67.45,153.68,52.3,69,95,4.94,RU,1596225799
290,estevan,49.13,-102.98,80.6,54,1,18.34,CA,1596225942
291,asifabad,19.37,79.28,81.63,81,100,3.27,IN,1596225943
292,lavrentiya,65.58,-171.0,45.0,78,26,5.61,RU,1596225943
293,shingu,33.73,135.98,74.03,85,40,4.9,JP,1596225943
294,hay river,60.82,-115.8,78.8,41,20,10.29,CA,1596225944
295,arica,-18.48,-70.3,62.6,72,47,9.17,CL,1596225755
296,gravdal,68.12,13.5,53.6,100,90,6.93,NO,1596225944
297,tokmak,47.25,35.71,71.11,77,72,8.28,UA,1596225944
298,mosquera,4.71,-74.23,66.2,45,20,17.22,CO,1596225945
299,lerwick,60.15,-1.15,60.8,77,85,20.8,GB,1596225945
300,caravelas,-17.71,-39.25,70.29,86,99,9.01,BR,1596225945
301,conceicao do araguaia,-8.26,-49.26,93.61,21,36,6.33,BR,1596225945
302,mogok,22.92,96.5,67.03,100,100,2.62,MM,1596225946
303,laureles,26.11,-97.49,95.0,59,40,12.75,US,1596225946
304,namatanai,-3.67,152.43,79.56,84,60,8.63,PG,1596225946
305,pictou,45.68,-62.72,81.0,61,26,8.01,CA,1596225946
306,itororo,-15.12,-40.07,73.44,58,10,7.52,BR,1596225947
307,warragul,-38.17,145.93,48.99,70,100,1.01,AU,1596225947
308,lompoc,34.64,-120.46,68.0,72,10,12.75,US,1596225814
309,puro,12.48,123.38,79.88,82,100,5.12,PH,1596225948
310,boksitogorsk,59.47,33.85,52.95,95,94,7.18,RU,1596225948
311,ugoofaaru,5.67,73.0,82.96,80,100,16.37,MV,1596225948
312,pimenta bueno,-11.67,-61.19,97.21,20,0,2.57,BR,1596225949
313,san juan,-31.54,-68.54,61.48,28,0,3.94,AR,1596225949
314,muskogee,35.58,-95.33,80.6,65,75,18.34,US,1596225673
315,dzilam gonzalez,21.28,-88.93,89.62,62,14,8.66,MX,1596225950
316,tigil,57.8,158.67,53.85,77,60,5.23,RU,1596225950
317,mandera,3.94,41.87,82.2,56,70,21.39,KE,1596225950
318,constitucion,-35.33,-72.42,57.2,65,100,2.86,CL,1596225733
319,taragual,14.75,-88.48,84.65,46,53,5.53,HN,1596225951
320,xinmin,41.99,122.83,75.2,88,20,6.71,CN,1596225951
321,igarka,67.47,86.58,52.11,92,43,14.72,RU,1596225951
322,peace river,56.25,-117.29,77.0,44,20,6.93,CA,1596225952
323,clyde river,70.47,-68.59,44.6,100,90,8.05,CA,1596225952
324,vangaindrano,-23.35,47.6,62.91,83,8,3.56,MG,1596225952
325,isiro,2.77,27.62,67.53,97,96,2.46,CD,1596225952
326,harer,9.31,42.13,63.12,78,100,4.63,ET,1596225953
327,egvekinot,66.32,-179.17,45.61,84,89,3.49,RU,1596225953
328,maceio,-9.67,-35.74,77.0,78,40,12.75,BR,1596225795
329,skala fourkas,40.0,23.38,82.99,52,0,2.86,GR,1596225953
330,rock springs,41.59,-109.2,84.2,16,1,5.08,US,1596225954
331,mogadishu,2.04,45.34,78.03,77,94,21.36,SO,1596225954
332,wai,17.93,73.9,71.83,92,100,4.97,IN,1596225954
333,bobovdol,42.37,23.02,80.6,57,20,4.7,BG,1596225955
334,adelaide,-34.93,138.6,55.99,62,89,11.41,AU,1596225768
335,oktyabrskoye,43.06,44.74,66.2,88,8,4.47,RU,1596225955
336,juba,4.85,31.58,71.76,90,5,1.5,SS,1596225955
337,russell,32.35,-85.2,93.2,59,75,9.17,US,1596225779
338,ketchikan,55.34,-131.65,69.8,64,1,4.7,US,1596225956
339,cabo san lucas,22.89,-109.91,89.01,51,20,10.29,MX,1596225776
340,saint-pierre,-21.34,55.48,69.8,64,0,2.24,RE,1596225956
341,turukhansk,65.82,87.98,55.65,87,100,18.99,RU,1596225957
342,tavda,58.04,65.27,60.82,96,100,2.53,RU,1596225957
343,saint-ambroise,48.55,-71.33,78.8,57,75,4.7,CA,1596225957
344,abha,18.22,42.51,64.4,100,75,11.41,SA,1596225770
345,butia,-30.12,-51.96,63.32,75,8,1.36,BR,1596225958
346,beringovskiy,63.05,179.32,51.35,70,100,5.06,RU,1596225958
347,linjiang,41.81,126.91,67.53,88,100,2.62,CN,1596225958
348,carbonia,39.17,8.52,87.8,78,0,5.82,IT,1596225958
349,sabya,17.15,42.63,78.8,88,20,10.29,SA,1596225959
350,fort frances,48.6,-93.4,87.01,39,20,6.93,CA,1596225959
351,roswell,34.02,-84.36,93.99,62,75,10.29,US,1596225959
352,nouadhibou,20.93,-17.03,82.4,69,6,11.41,MR,1596225960
353,prabumulih,-3.45,104.25,72.14,98,65,3.0,ID,1596225960
354,laguna,38.42,-121.42,88.0,27,5,4.7,US,1596225960
355,nanchang,28.68,115.88,83.17,77,69,3.04,CN,1596225961
356,lakatoro,-16.1,167.42,75.2,100,90,11.9,VU,1596225961
357,gnjilane,42.46,21.47,69.8,83,75,3.36,XK,1596225963
358,semenivka,52.18,32.58,54.88,88,57,5.64,UA,1596225963
359,kiunga,-6.12,141.29,70.03,85,100,2.46,PG,1596225963
360,coihaique,-45.58,-72.07,35.6,86,90,3.36,CL,1596225964
361,axim,4.87,-2.24,74.95,85,100,8.59,GH,1596225964
362,agadez,19.75,10.25,96.73,17,98,8.05,NE,1596225964
363,bilibino,68.05,166.44,48.67,73,100,3.85,RU,1596225965
364,talnakh,69.49,88.4,59.0,93,99,6.71,RU,1596225965
365,tallahassee,30.44,-84.28,93.99,52,75,6.93,US,1596225848
366,mlonggo,-6.53,110.7,75.54,76,0,4.16,ID,1596225965
367,beroroha,-21.67,45.17,66.92,56,0,6.53,MG,1596225966
368,banjar,-8.19,114.97,75.2,100,75,4.7,ID,1596225966
369,tabuk,17.42,121.44,74.23,88,100,1.54,PH,1596225966
370,grindavik,63.84,-22.43,51.8,93,90,17.22,IS,1596225967
371,lazaro cardenas,17.96,-102.2,89.64,56,5,8.66,MX,1596225967
372,necochea,-38.55,-58.74,54.0,67,0,5.01,AR,1596225967
373,satun,6.83,100.0,84.2,100,40,4.7,TH,1596225967
374,riosucio,5.42,-75.7,82.4,82,75,6.93,CO,1596225968
375,hithadhoo,-0.6,73.08,83.01,75,100,11.39,MV,1596225789
376,monrovia,6.3,-10.8,77.0,94,75,12.71,LR,1596225812
377,chamrajnagar,11.92,76.95,71.08,92,100,6.38,IN,1596225968
378,katsuura,35.13,140.3,75.0,100,75,1.12,JP,1596225969
379,oruro,-17.98,-67.15,61.16,20,89,4.99,BO,1596225969
380,manacapuru,-3.3,-60.62,95.0,39,20,6.93,BR,1596225969
381,flinders,-34.58,150.86,45.0,88,37,5.32,AU,1596225802
382,ossora,59.24,163.07,54.77,90,100,14.74,RU,1596225970
383,rudnogorsk,57.26,103.75,58.66,90,100,4.5,RU,1596225970
384,saskylakh,71.92,114.08,55.92,72,0,3.71,RU,1596225971
385,puerto ayacucho,5.66,-67.62,82.4,74,40,2.24,VE,1596225971
386,port-gentil,-0.72,8.78,75.2,88,90,14.03,GA,1596225694
387,ewa beach,21.32,-158.01,82.4,54,1,10.29,US,1596225770
388,daru,-9.08,143.21,74.55,73,92,14.97,PG,1596225972
389,mkushi,-13.62,29.39,58.19,37,0,11.88,ZM,1596225798
390,isangel,-19.55,169.27,75.11,85,69,12.53,VU,1596225972
391,anito,12.45,125.29,75.61,90,100,4.21,PH,1596225972
392,bilma,18.69,12.92,93.07,39,100,5.14,NE,1596225973
393,katherine,-14.47,132.27,57.2,67,0,8.05,AU,1596225973
394,wagga wagga,-35.12,147.37,32.0,90,90,3.36,AU,1596225973
395,harvard,42.42,-88.61,78.01,61,100,1.99,US,1596225973
396,raudeberg,61.99,5.14,64.4,77,88,5.82,NO,1596225974
397,lavello,41.05,15.79,87.01,58,1,3.36,IT,1596225974
398,biak,-0.91,122.88,75.72,83,100,7.56,ID,1596225974
399,kurumkan,54.3,110.3,63.61,85,99,1.34,RU,1596225975
400,havre,49.58,0.33,70.0,82,15,9.17,FR,1596225975
401,saint anthony,45.02,-93.22,84.0,37,75,4.7,US,1596225758
402,ishigaki,24.34,124.16,84.33,80,62,13.62,JP,1596225975
403,teya,60.38,92.63,51.57,89,100,1.97,RU,1596225976
404,hambantota,6.12,81.12,80.31,80,12,19.1,LK,1596225786
405,salta,-24.79,-65.41,75.2,16,0,6.93,AR,1596225976
406,haines junction,60.75,-137.51,76.62,35,62,1.81,CA,1596225977
407,asha,55.0,57.27,60.71,94,100,3.78,RU,1596225977
408,raga,8.46,25.68,70.54,93,33,2.1,SS,1596225977
409,maltahohe,-24.83,16.98,55.24,33,0,11.56,NA,1596225977
410,lake city,30.19,-82.64,93.99,55,40,5.82,US,1596225978
411,watrous,51.67,-105.47,76.75,42,0,9.66,CA,1596225978
412,miraflores,19.22,-98.81,75.2,60,75,10.29,MX,1596225978
413,sladkovo,55.53,70.34,63.99,88,55,9.35,RU,1596225979
414,benjamin constant,-4.38,-70.03,89.6,58,40,4.7,BR,1596225979
415,sola,-13.88,167.55,77.54,85,84,16.73,VU,1596225980
416,mustasaari,63.11,21.68,57.99,87,0,3.36,FI,1596225980
417,wattegama,6.8,81.48,79.09,73,2,10.27,LK,1596225980
418,mahenge,-8.68,36.72,67.21,64,81,2.84,TZ,1596225980
419,zhuhai,22.28,113.57,82.4,88,40,19.46,CN,1596225981
420,angoche,-16.23,39.91,71.35,71,82,16.73,MZ,1596225981
421,zavetnoye,47.12,43.89,76.03,49,4,6.91,RU,1596225981
422,kenai,60.55,-151.26,64.99,63,90,10.29,US,1596225982
423,kieta,-6.22,155.63,78.55,80,38,2.62,PG,1596225982
424,launceston,-41.45,147.17,48.2,93,90,8.05,AU,1596225982
425,lubao,14.92,120.55,79.0,94,90,4.7,PH,1596225982
426,salalah,17.02,54.09,84.2,89,75,5.82,OM,1596225885
427,itacare,-14.28,-39.0,77.0,73,40,13.87,BR,1596225983
428,khani,41.96,42.96,75.2,88,75,3.36,GE,1596225983
429,praia,14.92,-23.51,78.8,74,75,10.29,CV,1596225842
430,eyrarbakki,63.86,-21.15,57.0,81,90,10.29,IS,1596225983
431,la ronge,55.1,-105.28,77.0,44,40,13.87,CA,1596225783
432,zhezkazgan,47.8,67.71,74.48,31,0,10.67,KZ,1596225984
433,husavik,66.04,-17.34,51.8,81,90,8.05,IS,1596225984
434,manica,49.0,-1.17,71.6,68,8,9.17,FR,1596225985
435,marrakesh,31.63,-8.01,93.2,30,75,11.41,MA,1596225697
436,antofagasta,-23.65,-70.4,59.0,72,0,8.05,CL,1596225985
437,atherton,53.52,-2.49,69.01,79,100,1.99,GB,1596225985
438,khuzhir,53.19,107.34,56.68,88,74,2.93,RU,1596225986
439,fangshan,39.7,115.99,80.01,99,0,0.31,CN,1596225986
440,tongren,27.72,109.19,75.36,90,13,1.86,CN,1596225986
441,maningrida,-12.07,134.27,63.16,94,15,9.28,AU,1596225987
442,prachuap khiri khan,11.82,99.78,81.05,75,100,9.98,TH,1596225987
443,tobermory,45.25,-81.67,77.0,63,0,5.01,CA,1596225987
444,normandin,48.83,-72.53,77.0,61,75,4.7,CA,1596225988
445,lagos,6.58,3.75,77.0,88,40,4.7,NG,1596225838
446,nome,64.5,-165.41,57.99,87,90,8.05,US,1596225988
447,bambous virieux,-20.34,57.76,71.6,78,75,5.82,MU,1596225988
448,brunico,46.8,11.94,78.8,65,40,3.36,IT,1596225989
449,san fernando,15.03,120.69,79.0,94,90,4.7,PH,1596225989
450,chara,56.91,118.26,59.07,86,100,2.33,RU,1596225989
451,iqaluit,63.75,-68.51,55.4,93,90,4.7,CA,1596225989
452,rawson,-43.3,-65.1,55.18,42,57,12.17,AR,1596225824
453,banamba,13.55,-7.45,85.78,60,88,7.83,ML,1596225990
454,acarau,-2.89,-40.12,82.17,63,66,18.14,BR,1596225990
455,pucallpa,-8.38,-74.55,86.0,51,20,11.41,PE,1596225991
456,ried,48.48,11.26,77.0,60,0,2.24,DE,1596225991
457,astoria,46.19,-123.83,68.0,77,90,9.17,US,1596225991
458,tasiilaq,65.61,-37.64,48.2,61,5,6.93,GL,1596225991
459,kahului,20.89,-156.47,84.2,48,20,18.34,US,1596225992
460,odesskoye,54.21,72.97,62.71,81,1,7.87,RU,1596225992
461,kangaatsiaq,68.31,-53.46,42.91,97,100,10.89,GL,1596225992
462,xuddur,4.12,43.89,74.37,72,37,21.43,SO,1596225992
463,aksarka,66.56,67.8,53.74,68,97,3.56,RU,1596225993
464,kushima,31.46,131.23,75.83,86,5,4.85,JP,1596225993
465,lata,40.16,-8.33,73.99,90,7,5.01,PT,1596225993
466,porgera,-5.47,143.2,37.31,100,76,0.87,PG,1596225993
467,grayvoron,50.48,35.68,62.6,67,82,6.71,RU,1596225994
468,sabha,27.04,14.43,91.9,18,0,11.86,LY,1596225994
469,los palacios,22.59,-83.25,91.13,59,36,11.72,CU,1596225994
470,grand gaube,-20.01,57.66,69.01,82,31,4.0,MU,1596225817
471,ponta grossa,-25.09,-50.16,60.24,76,4,6.46,BR,1596225846
472,las vegas,36.17,-115.14,111.0,11,1,6.93,US,1596225832
473,buala,-8.14,159.59,80.83,79,82,8.34,SB,1596225995
474,acapulco,16.86,-99.89,89.6,62,40,4.7,MX,1596225985
475,erzin,36.96,36.2,82.99,85,0,1.9,TR,1596225995
476,komsomolskiy,40.43,71.72,77.0,44,0,2.24,UZ,1596225794
477,sandakan,5.84,118.12,78.8,88,20,4.29,MY,1596225996
478,wanning,18.8,110.4,79.14,92,100,8.16,CN,1596225996
479,olinda,-8.01,-34.86,80.6,74,40,14.99,BR,1596225935
480,murovani kurylivtsi,48.72,27.52,62.01,74,1,3.0,UA,1596225997
481,verkh-chebula,56.03,87.62,52.93,90,100,3.62,RU,1596225997
482,saint george,37.1,-113.58,108.0,11,1,6.53,US,1596225756
483,sumbe,-11.21,13.84,69.73,88,7,7.72,AO,1596225997
484,amapa,1.0,-52.0,89.96,53,70,3.09,BR,1596225998
485,ngatea,-37.28,175.5,57.0,64,100,8.01,NZ,1596225998
486,daokou,35.56,114.51,82.99,78,88,5.53,CN,1596225998
487,watsa,3.04,29.54,64.72,99,81,1.7,CD,1596225998
488,batemans bay,-35.72,150.18,41.0,93,98,3.83,AU,1596225999
489,vestmannaeyjar,63.44,-20.27,53.38,93,100,11.07,IS,1596225999
490,marau,-28.45,-52.2,63.09,82,27,2.35,BR,1596225827
491,krasnyy chikoy,50.36,108.75,58.05,88,83,3.04,RU,1596226000
492,meulaboh,4.14,96.13,75.07,81,100,3.58,ID,1596226000
493,krasnoarmeysk,51.02,45.7,72.0,45,100,1.99,RU,1596226000
494,sillanwali,31.83,72.54,94.69,47,28,4.5,PK,1596226001
495,harper,4.38,-7.72,75.87,84,93,12.12,LR,1596226001
496,biltine,14.53,20.92,82.92,61,45,4.0,TD,1596226001
497,sarandi,-23.44,-51.87,71.74,61,0,7.34,BR,1596226002
498,carauari,-4.88,-66.9,93.09,32,0,3.44,BR,1596226002
499,vredendal,-31.67,18.5,55.78,59,0,2.75,ZA,1596226002
500,taoudenni,22.68,-3.98,104.49,9,0,8.99,ML,1596226002
501,kruisfontein,-34.0,24.73,51.01,88,0,5.06,ZA,1596225783
502,bayji,34.93,43.49,94.08,12,0,12.37,IQ,1596226003
503,muros,42.78,-9.06,70.0,82,75,5.82,ES,1596226003
504,faya,18.39,42.45,64.4,100,75,11.41,SA,1596226004
505,lagoa,39.05,-27.98,69.82,71,31,11.23,PT,1596226004
506,sault sainte marie,46.52,-84.33,75.2,73,20,13.87,CA,1596225782
507,arlit,18.74,7.39,101.88,15,96,10.94,NE,1596226004
508,dawei,14.08,98.2,78.44,86,100,6.08,MM,1596226004
509,samfya,-11.36,29.56,65.97,41,74,13.71,ZM,1596226005
510,kawalu,-7.38,108.21,67.55,92,94,0.89,ID,1596226005
511,port blair,11.67,92.75,82.49,79,100,16.08,IN,1596226005
512,moerai,-22.43,-151.33,70.9,79,2,3.31,PF,1596226006
513,flores,16.92,-89.9,93.56,47,75,3.06,GT,1596226006
514,thinadhoo,0.53,72.93,82.72,78,100,10.8,MV,1596226006
515,halifax,44.65,-63.57,81.0,69,75,6.93,CA,1596225923
516,toora-khem,52.47,96.11,50.83,92,100,3.47,RU,1596226007
517,goderich,43.75,-81.72,82.0,70,0,14.79,CA,1596225836
518,belmonte,-15.86,-38.88,77.0,65,40,6.93,BR,1596226007
519,ler,8.3,30.14,74.08,85,95,3.18,SS,1596226007
520,union,40.63,-74.27,82.99,69,90,4.0,US,1596225771
521,yenotayevka,47.25,47.03,66.99,85,40,14.54,RU,1596226008
522,chegdomyn,51.12,133.02,64.49,94,100,1.36,RU,1596226008
523,brazzaville,-4.27,15.28,73.4,78,2,6.93,CG,1596225785
524,port hardy,50.7,-127.42,64.4,77,75,8.05,CA,1596226009
525,bongandanga,1.5,21.05,77.43,65,0,1.25,CD,1596226009
526,palermo,37.82,13.58,87.01,41,0,1.99,IT,1596226011
527,hovd,48.01,91.64,54.93,58,0,3.47,MN,1596226011
528,san luis,-33.3,-66.34,62.35,29,23,4.12,AR,1596226011
529,airai,-8.93,125.41,51.17,64,84,2.95,TL,1596226012
530,ballarpur,19.83,79.35,82.47,78,93,4.85,IN,1596226012
531,vyshhorod,50.58,30.49,66.99,63,0,2.24,UA,1596226012
532,vanimo,-2.67,141.3,79.03,78,27,2.71,PG,1596226012
533,huai thalaeng,15.0,102.65,78.35,83,100,14.97,TH,1596226012
534,inegol,40.08,29.51,69.8,77,0,3.36,TR,1596226013
535,marquette,46.53,-87.63,73.99,59,0,1.99,US,1596226013
536,bubaque,11.28,-15.83,80.37,82,100,14.29,GW,1596226013
537,impfondo,1.64,18.07,76.46,71,0,2.59,CG,1596226014
538,kaohsiung,22.62,120.31,82.99,88,75,2.24,TW,1596226014
539,preeceville,51.95,-102.67,72.64,55,0,9.28,CA,1596226014
540,touros,-5.2,-35.46,78.8,78,75,12.75,BR,1596226014
541,les cayes,18.2,-73.75,84.79,72,100,14.41,HT,1596226015
542,zyryanka,65.75,150.85,54.23,63,0,4.45,RU,1596226015
543,kopervik,59.28,5.31,62.01,77,74,6.93,NO,1596226015
544,mukhen,48.1,136.1,67.32,94,100,5.14,RU,1596226015
545,saint-joseph,-21.37,55.62,69.8,64,0,2.24,RE,1596226016
546,bereda,43.27,-7.54,71.01,81,54,8.99,ES,1596226016
547,ganzhou,28.82,115.43,80.96,79,77,0.49,CN,1596226016
548,akdepe,42.06,59.38,75.2,47,0,9.17,TM,1596226016
549,canto do buriti,-8.11,-42.94,88.32,31,15,11.7,BR,1596226017
550,kinkala,-4.36,14.76,73.4,78,0,6.93,CG,1596226017
551,samarai,-10.62,150.67,75.06,72,91,16.28,PG,1596226018
552,baruun-urt,46.68,113.28,66.85,61,70,7.72,MN,1596226018
553,carutapera,-1.2,-46.02,81.37,80,40,9.84,BR,1596226018
554,naze,28.37,129.48,75.2,94,20,3.36,JP,1596226019
555,golden,39.76,-105.22,87.01,19,20,11.41,US,1596225806
556,mayumba,-3.43,10.66,72.3,84,42,7.27,GA,1596226019
557,fairview,40.81,-74.0,84.0,65,90,5.82,US,1596226019
558,broken hill,-31.95,141.43,42.8,70,0,6.93,AU,1596226020
559,havre-saint-pierre,50.23,-63.6,62.6,100,90,6.93,CA,1596226020
560,yafran,32.06,12.53,75.36,44,0,9.31,LY,1596225804
561,lewiston,44.1,-70.21,84.0,48,20,8.05,US,1596226021
562,machico,32.7,-16.77,73.4,69,20,5.82,PT,1596226021
563,irbeyskoye,55.64,95.45,57.33,79,86,5.3,RU,1596226022
564,antibes,43.56,7.13,80.6,78,20,2.24,FR,1596226022
565,guerrero,17.67,-100.0,78.98,74,72,1.07,MX,1596225832
566,asfi,32.3,-9.24,73.26,81,67,21.32,MA,1596226023
567,taltal,-25.4,-70.48,71.13,34,0,3.83,CL,1596225807
568,tezu,27.92,96.17,76.15,81,100,3.04,IN,1596226023
569,poya,-21.35,165.15,68.02,82,99,11.34,NC,1596226024
570,orsha,54.52,30.41,53.71,94,9,7.96,BY,1596226024
571,luganville,-15.53,167.17,75.2,100,90,3.89,VU,1596226024
572,tilichiki,60.47,166.1,52.02,91,86,5.68,RU,1596225793
573,mounana,-1.41,13.16,79.72,62,99,2.53,GA,1596226025
574,suhbaatar,50.23,106.21,60.46,87,100,2.89,MN,1596226025
575,nkwerre,5.76,7.11,71.8,90,80,6.15,NG,1596226026
576,buchanan,5.88,-10.05,77.0,94,75,11.16,LR,1596226026
577,palmer,42.16,-72.33,87.01,37,40,6.93,US,1596226026
578,poso,-1.4,120.75,75.69,80,100,4.45,ID,1596226026
579,asau,46.43,26.4,64.99,85,82,0.98,RO,1596225781
580,roros,62.57,11.38,57.2,87,87,1.12,NO,1596226027
581,ouango,4.31,22.56,73.85,87,91,1.77,CF,1596226027
582,sabang,5.89,95.32,83.34,72,100,19.13,ID,1596226027
583,kalmunai,7.42,81.82,81.66,75,80,5.5,LK,1596225852
584,genhe,50.78,121.52,57.24,94,66,2.08,CN,1596226028
585,mount isa,-20.73,139.5,48.2,31,0,6.93,AU,1596226028
586,ilo,-17.64,-71.34,63.48,69,38,5.48,PE,1596226029
587,bullhead city,35.15,-114.57,117.0,8,40,9.17,US,1596226029
588,kismayo,-0.36,42.55,78.04,80,48,19.24,SO,1596226029
589,wysokie mazowieckie,52.92,22.52,63.0,79,80,9.55,PL,1596226029
590,auki,-8.77,160.7,78.12,86,53,5.48,SB,1596226030
591,ballina,-28.87,153.57,53.6,93,74,8.05,AU,1596226030
592,tahta,26.77,31.5,98.6,19,39,14.99,EG,1596226030
593,kidal,18.44,1.41,101.64,10,0,7.61,ML,1596225819
594,pampa,35.54,-100.96,86.0,27,1,16.11,US,1596226031
595,chimoio,-19.12,33.48,60.8,82,0,2.35,MZ,1596226031
596,ous,60.91,61.52,56.68,96,100,4.59,RU,1596226031
597,salas,43.41,-6.26,70.0,93,20,4.7,ES,1596225930
598,sanguem,15.23,74.17,77.43,87,81,2.35,IN,1596226032
599,sambava,-14.27,50.17,71.4,82,27,15.05,MG,1596226032
600,sumenep,-7.02,113.87,76.44,84,94,5.97,ID,1596226032
601,fort nelson,58.81,-122.7,78.8,47,20,5.82,CA,1596225838
602,san patricio,19.22,-104.7,87.8,74,40,11.41,MX,1596226033
603,buraydah,26.33,43.98,100.4,24,20,8.05,SA,1596226033
604,pangnirtung,66.15,-65.71,51.8,93,75,12.75,CA,1596225817
605,lahad datu,5.03,118.33,77.63,90,100,9.08,MY,1596226034
